<?xml version="1.0" encoding="UTF-8"?>
<metadata xml:lang="en"><Esri><CreaDate>20180702</CreaDate><CreaTime>14580000</CreaTime><ArcGISFormat>1.0</ArcGISFormat><SyncOnce>TRUE</SyncOnce><DataProperties><lineage><Process ToolSource="c:\program files (x86)\arcgis\desktop10.5\ArcToolbox\Toolboxes\Data Management Tools.tbx\CalculateStatistics" Date="20180702" Time="145800">CalculateStatistics G:\oldGLI\GLI\EarthStat\EarthStatData_June2018\YieldClimateVariability_Geotiff\varcat_rice.tif 1 1 # OVERWRITE "Feature Set"</Process></lineage></DataProperties></Esri></metadata>
